Algorithm,Runtime (s),Peak Memory (MB)
DEAP,4.004059553146362,240.55598958333334
PyGAD,21.066926956176758,240.7734375
