Algorithm,Runtime (s),Peak Memory (MB)
DEAP,3.721139669418335,264.3828125
PyGAD,19.297873497009277,264.3828125
