Algorithm,Runtime (s),Peak Memory (MB)
DEAP,3.6024627685546875,266.5950520833333
PyGAD,18.795936902364094,266.63671875
