Algorithm,Runtime (s),Peak Memory (MB)
DEAP,3.924219290415446,264.33203125
PyGAD,19.950602293014526,264.33203125
