Algorithm,Runtime (s),Peak Memory (MB)
DEAP,3.7864110469818115,264.96484375
PyGAD,19.64024766286214,264.96484375
