Algorithm,Runtime (s),Peak Memory (MB)
DEAP,3.2428599198659263,257.28515625
PyGAD,18.401474952697754,257.28515625
