Algorithm,Runtime (s),Peak Memory (MB)
DEAP,3.4953366915384927,268.33203125
PyGAD,16.293097654978435,268.33203125
