Algorithm,Runtime (s),Peak Memory (MB)
DEAP,3.6447872320810952,266.26953125
PyGAD,16.418179512023926,266.26953125
