Algorithm,Runtime (s),Peak Memory (MB)
DEAP,3.805924971898397,270.13671875
PyGAD,20.302672227223713,270.13671875
