Algorithm,Runtime (s),Peak Memory (MB)
DEAP,4.066422621409099,266.34375
PyGAD,18.650705019632976,266.34375
