Algorithm,Runtime (s),Peak Memory (MB)
DEAP,3.9202377796173096,264.640625
PyGAD,19.898048400878906,264.640625
