Algorithm,Runtime (s),Peak Memory (MB)
DEAP,4.6704427401224775,315.953125
PyGAD,21.4333123366038,315.953125
