Algorithm,Runtime (s),Peak Memory (MB)
DEAP,3.6015725135803223,271.5091145833333
PyGAD,19.117664098739624,271.5091145833333
