Algorithm,Runtime (s),Peak Memory (MB)
DEAP,3.414565086364746,253.73828125
PyGAD,16.529718160629272,253.73828125
