Algorithm,Runtime (s),Peak Memory (MB)
DEAP,4.025505622227986,267.359375
PyGAD,18.811231692632038,267.359375
